{
    "nodes": [
      {
        "uuid": "IMG_20231101_074927_00_479",
        "image": "spaceshare/IMG_20231101_074927_00_479.jpg",
        "index": 0,
        "position": {
          "x": 64.41091673555964,
          "y": 11.991629130243957,
          "z": 3.7581584995137596
        },
        "rotation": {
          "x": -0.4679478281301798,
          "y": -1.5699190012618083,
          "z": -2.6941590536699116
        },
        "resolution": "4096",
        "floorPosition": {
          "x": 64.41091673555965,
          "y": 6.678567170874559,
          "z": 3.7581584995137605
        }
      },
      {
        "uuid": "IMG_20231101_075039_00_482",
        "image": "spaceshare/IMG_20231101_075039_00_482.jpg",
        "index": 1,
        "position": {
          "x": 69.19174379419019,
          "y": 12.03243293192055,
          "z": 5.273755180090258
        },
        "rotation": {
          "x": 3.1195583181976643,
          "y": 0.8614039302810801,
          "z": -0.034642048132864485
        },
        "resolution": "4096",
        "floorPosition": {
          "x": 69.1917437941902,
          "y": 6.802931217938859,
          "z": 5.273755180090259
        }
      },
      {
        "uuid": "IMG_20231101_075124_00_485",
        "image": "spaceshare/IMG_20231101_075124_00_485.jpg",
        "index": 2,
        "position": {
          "x": 74.38479544886985,
          "y": 12.111894705209153,
          "z": 8.749655928746867
        },
        "rotation": {
          "x": 3.1368996352960643,
          "y": -0.3479593085157371,
          "z": -0.02519085727941262
        },
        "resolution": "4096",
        "floorPosition": {
          "x": 74.38479544886987,
          "y": 6.807316446936654,
          "z": 8.749655928746868
        }
      }
    ],
    "initialNode": "IMG_20231104_065739_00_094",
    "sceneSettings": {
      "nodes": {
        "scale": 0.26,
        "offsetPosition": {
          "x": 0,
          "y": 0,
          "z": 0
        },
        "offsetRotation": {
          "x": 0,
          "y": 0,
          "z": 0
        }
      },
      "dollhouse": {
        "scale": 1.1,
        "offsetPosition": {
          "x": 8.83,
          "y": 2.16,
          "z": 2.26
        },
        "offsetRotation": {
          "x": 0,
          "y": -0.22,
          "z": 0
        }
      },
      "offsetPosition": {
        "x": 0,
        "y": 0,
        "z": 0
      },
      "offsetRotation": {
        "x": 0,
        "y": 0,
        "z": 0
      }
    },
    "initialRotation": {
      "polar": -19.4,
      "azimuth": 44.86
    }
  }